orderId,creationDate,value,sellerName,statusDescription,utmSource,utmMedium,utmCampaign,totals_Items,totals_Discounts,totals_Shipping,totals_Tax,data_extracao
1601871151932-01,2026-01-08T19:25:53.1533269+00:00,50490,WebContinental Marketplace,Pagamento Aprovado,LP2APP,LP2APP,VER_TODOS,38900,0,11590,0,2026-01-08 16:26:57
1601871151931-01,2026-01-08T19:25:16.1720505+00:00,170800,Encantech Shop,Pagamento Aprovado,LP2APP,LP2APP,CELULARES,170800,0,0,0,2026-01-08 16:26:57
1601871151930-01,2026-01-08T19:24:58.2340976+00:00,29008,Philco,Pagamento Aprovado,LP2APP,LP2APP,VER_TODOS,23990,0,5018,0,2026-01-08 16:26:57
1601871151925-01,2026-01-08T19:09:01.4370091+00:00,63614,Philco,Pagamento Aprovado,,,,59990,0,3624,0,2026-01-08 16:26:57
1601871151917-01,2026-01-08T18:48:06.9026108+00:00,22904,Indiana,Pagamento Aprovado,LP2APP,LP2APP,CAMPO_BUSCA,21597,0,1307,0,2026-01-08 16:26:58
1601871151916-01,2026-01-08T18:44:59.1618782+00:00,99414,Webfones,Pagamento Aprovado,LP2APP,LP2APP,CELULARES,94900,0,4514,0,2026-01-08 16:26:58
1601871151913-03,2026-01-08T18:41:26.9868729+00:00,8238,Farma Conde,Pagamento Aprovado,,,,5998,0,2240,0,2026-01-08 16:26:58
1601871151913-02,2026-01-08T18:41:26.9867570+00:00,4820,Pense Farma,Pagamento Aprovado,,,,2837,0,1983,0,2026-01-08 16:26:58
1601871151913-01,2026-01-08T18:41:26.9865839+00:00,7345,Indiana,Pagamento Aprovado,,,,6277,0,1068,0,2026-01-08 16:26:58
1601871151912-01,2026-01-08T18:37:29.0086554+00:00,14420,WebContinental Marketplace,Pagamento Aprovado,LP2APP,LP2APP,CAMPO_BUSCA,12992,0,1428,0,2026-01-08 16:26:58
1601871151910-01,2026-01-08T18:31:56.3421113+00:00,13500,Encantech Shop,Pagamento Aprovado,LP2APP,LP2APP,VER_TODOS,13500,0,0,0,2026-01-08 16:26:59
1601861151907-01,2026-01-08T18:18:22.6434905+00:00,13451,Farma Conde,Pagamento Aprovado,LP2APP,LP2APP,CAMPO_BUSCA,12299,0,1152,0,2026-01-08 16:26:59
1601861151903-01,2026-01-08T17:57:59.7055826+00:00,20190,WebContinental Marketplace,Pagamento Aprovado,LP2APP,LP2APP,VER_TODOS,19990,0,200,0,2026-01-08 16:26:59
1601861151901-01,2026-01-08T17:54:21.3257451+00:00,16260,WebContinental Marketplace,Pagamento Aprovado,LP2APP,LP2APP,CAMPO_BUSCA,13990,0,2270,0,2026-01-08 16:26:59
1601861151897-01,2026-01-08T17:32:22.6100440+00:00,48859,WebContinental Marketplace,Pagamento Aprovado,,,,39571,0,9288,0,2026-01-08 16:26:59
1601861151896-01,2026-01-08T17:32:10.2662168+00:00,12837,WebContinental Marketplace,Pagamento Aprovado,LP2APP,LP2APP,CAMPO_BUSCA,9458,0,3379,0,2026-01-08 16:27:00
1601861151895-01,2026-01-08T17:31:35.2704688+00:00,33890,Multiloja,Pagamento Aprovado,LP2APP,LP2APP,CAMPO_BUSCA,29990,0,3900,0,2026-01-08 16:27:00
1601851151892-01,2026-01-08T17:25:20.4210687+00:00,18179,Pense Farma,Pagamento Aprovado,LP2APP,LP2APP,CAMPO_BUSCA,13085,0,5094,0,2026-01-08 16:27:00
1601851151890-02,2026-01-08T17:24:22.9376111+00:00,9470,Indiana,Pagamento Aprovado,LP2APP,LP2APP,CAMPO_BUSCA,8280,0,1190,0,2026-01-08 16:27:00
1601851151890-01,2026-01-08T17:24:22.9374777+00:00,9930,Encantech Shop,Pagamento Aprovado,LP2APP,LP2APP,CAMPO_BUSCA,7940,0,1990,0,2026-01-08 16:27:00
1601851151889-01,2026-01-08T17:10:41.7976387+00:00,175935,WebContinental Marketplace,Pagamento Aprovado,LP2APP,LP2APP,CAMPO_BUSCA,139320,0,36615,0,2026-01-08 16:27:01
1601851151887-01,2026-01-08T17:06:26.8207075+00:00,9990,Encantech Shop,Pagamento Aprovado,,,,9990,0,0,0,2026-01-08 16:27:01
1601851151886-01,2026-01-08T17:06:19.3542755+00:00,19900,WebContinental Marketplace,Pagamento Aprovado,,,,19900,0,0,0,2026-01-08 16:27:01
1601851151883-02,2026-01-08T16:59:31.7731546+00:00,6468,Electrolux,Pagamento Aprovado,,,,4900,0,1568,0,2026-01-08 16:27:01
1601851151883-01,2026-01-08T16:59:31.7729797+00:00,20347,Encantech Shop,Pagamento Aprovado,,,,17600,0,2747,0,2026-01-08 16:27:01
1601851151882-01,2026-01-08T16:57:36.3569669+00:00,20371,Mini Preço,Pagamento Aprovado,LP2APP,LP2APP,CAMPO_BUSCA,19295,0,1076,0,2026-01-08 16:27:02
1601851151879-01,2026-01-08T16:44:22.7104379+00:00,48900,Encantech Shop,Pagamento Aprovado,LP2APP,LP2APP,CAMPO_BUSCA,48900,0,0,0,2026-01-08 16:27:02
1601851151878-01,2026-01-08T16:42:13.8352022+00:00,17946,Philco,Pagamento Aprovado,LP2APP,LP2APP,VER_TODOS,15990,0,1956,0,2026-01-08 16:27:02
1601851151877-01,2026-01-08T16:38:08.5766589+00:00,22440,Mini Preço,Pagamento Aprovado,LP2APP,LP2APP,CAMPO_BUSCA,19295,0,3145,0,2026-01-08 16:27:02
1601851151875-01,2026-01-08T16:31:08.7980754+00:00,9186,WebContinental Marketplace,Pagamento Aprovado,LP2APP,LP2APP,CAMPO_BUSCA,6990,0,2196,0,2026-01-08 16:27:02
1601841151874-01,2026-01-08T16:26:57.1658213+00:00,78816,Encantech Shop,Pagamento Aprovado,LP2APP,LP2APP,CELULARES,77900,0,916,0,2026-01-08 16:27:02
1601841151873-01,2026-01-08T16:25:31.5186441+00:00,61890,Electrolux,Pagamento Aprovado,,,,59900,0,1990,0,2026-01-08 16:27:03
1601841151872-01,2026-01-08T16:20:07.2433062+00:00,13631,Philco,Pagamento Aprovado,LP2APP,LP2APP,CAMPO_BUSCA,11990,0,1641,0,2026-01-08 16:27:03
1601841151870-01,2026-01-08T16:17:05.1521808+00:00,24002,Multiloja,Pagamento Aprovado,LP2APP,LP2APP,VER_TODOS,19990,0,4012,0,2026-01-08 16:27:03
1601841151866-01,2026-01-08T16:10:25.3054210+00:00,67149,Multiloja,Pagamento Aprovado,LP2APP,LP2APP,VER_TODOS,52990,0,14159,0,2026-01-08 16:27:03
1601841151862-01,2026-01-08T16:06:20.1690071+00:00,12471,WebContinental Marketplace,Pagamento Aprovado,LP2APP,LP2APP,VER_TODOS,10275,0,2196,0,2026-01-08 16:27:04
1601841151851-01,2026-01-08T15:50:34.4652264+00:00,15571,Farma Conde,Pagamento Aprovado,LP2APP,LP2APP,CELULARES,14398,0,1173,0,2026-01-08 16:27:04
1601841151845-01,2026-01-08T15:44:45.5608981+00:00,23183,Philco,Pagamento Aprovado,LP2APP,LP2APP,VER_TODOS,20990,0,2193,0,2026-01-08 16:27:04
1601841151844-01,2026-01-08T15:44:40.9990424+00:00,14145,Encantech Shop,Pagamento Aprovado,LP2APP,LP2APP,VER_TODOS,11990,0,2155,0,2026-01-08 16:27:05
1601841151839-04,2026-01-08T15:34:26.3301920+00:00,17826,Philco,Pagamento Aprovado,LP2APP,LP2APP,VER_TODOS,15990,0,1836,0,2026-01-08 16:27:05
1601841151839-02,2026-01-08T15:34:26.3299574+00:00,15585,Mini Preço,Pagamento Aprovado,LP2APP,LP2APP,VER_TODOS,13998,0,1587,0,2026-01-08 16:27:05
1601841151839-01,2026-01-08T15:34:26.3298169+00:00,7840,ROVITEX,Pagamento Aprovado,LP2APP,LP2APP,VER_TODOS,6999,0,841,0,2026-01-08 16:27:05
1601841151839-03,2026-01-08T15:34:26.3301048+00:00,16432,WebContinental Marketplace,Faturado,LP2APP,LP2APP,VER_TODOS,11990,0,4442,0,2026-01-08 16:27:05
1601841151838-01,2026-01-08T15:33:24.3971700+00:00,64216,Philco,Pagamento Aprovado,LP2APP,LP2APP,VER_TODOS,59990,0,4226,0,2026-01-08 16:27:05
1601831151833-01,2026-01-08T15:25:22.3592357+00:00,41469,WebContinental Marketplace,Pagamento Aprovado,LP2APP,LP2APP,VER_TODOS,38457,0,3012,0,2026-01-08 16:27:06
1601831151831-01,2026-01-08T15:19:31.1522388+00:00,18590,Encantech Shop,Pagamento Aprovado,LP2APP,LP2APP,CAMPO_BUSCA,18590,0,0,0,2026-01-08 16:27:06
1601831151829-01,2026-01-08T15:13:46.4682308+00:00,53645,Marin Brasil,Faturado,LP2APP,LP2APP,CAMPO_BUSCA,49245,0,4400,0,2026-01-08 16:27:06
1601831151825-01,2026-01-08T15:04:06.6098906+00:00,295544,Encantech Shop,Pagamento Aprovado,LP2APP,LP2APP,CELULARES,292400,0,3144,0,2026-01-08 16:27:06
1601831151822-01,2026-01-08T14:54:21.6327916+00:00,14112,Philco,Pagamento Aprovado,APP,APP,TV,11990,0,2122,0,2026-01-08 16:27:06
1601831151821-01,2026-01-08T14:53:08.6561765+00:00,56360,Mini Preço,Pagamento Aprovado,,,,54928,0,1432,0,2026-01-08 16:27:07
1601821151819-01,2026-01-08T14:29:25.0445862+00:00,102011,Pneu Barato,Faturado,LP2APP,LP2APP,CELULARES,96316,0,5695,0,2026-01-08 16:27:07
1601821151818-01,2026-01-08T14:28:13.6221579+00:00,47990,Electrolux,Pagamento Aprovado,,,,47990,0,0,0,2026-01-08 16:27:08
1601821151817-01,2026-01-08T14:25:32.2226875+00:00,19779,Mini Preço,Pagamento Aprovado,LP2APP,LP2APP,VER_TODOS,17990,0,1789,0,2026-01-08 16:27:08
1601821151815-01,2026-01-08T14:24:32.2035409+00:00,77576,Multiloja,Pagamento Aprovado,,,,69990,0,7586,0,2026-01-08 16:27:08
1601821151809-01,2026-01-08T14:10:43.2619068+00:00,78816,Encantech Shop,Pagamento Aprovado,LP2APP,LP2APP,CELULARES,77900,0,916,0,2026-01-08 16:27:08
1601821151805-01,2026-01-08T14:01:55.0147851+00:00,12530,Indiana,Pagamento Aprovado,,,,11739,0,791,0,2026-01-08 16:27:08
1601821151805-02,2026-01-08T14:01:55.0149943+00:00,17887,Pense Farma,Pagamento Aprovado,,,,15927,0,1960,0,2026-01-08 16:27:08
1601821151804-01,2026-01-08T13:51:55.2443665+00:00,30241,We Connect,Faturado,LP2APP,LP2APP,CAMPO_BUSCA,25990,0,4251,0,2026-01-08 16:27:09
1601821151802-01,2026-01-08T13:39:08.9963011+00:00,25329,Philco,Faturado,APP CLIENTES,BANNER,,18990,0,6339,0,2026-01-08 16:27:09
1601811151785-01,2026-01-08T13:28:08.5034904+00:00,19507,Encantech Shop,Pagamento Aprovado,LP2APP,LP2APP,VER_TODOS,18900,0,607,0,2026-01-08 16:27:09
1601811151785-02,2026-01-08T13:28:08.5036372+00:00,12004,WebContinental Marketplace,Pagamento Aprovado,LP2APP,LP2APP,VER_TODOS,9990,0,2014,0,2026-01-08 16:27:09
1601811151784-01,2026-01-08T13:27:02.7889014+00:00,6805,Pense Farma,Pagamento Aprovado,LP2APP,LP2APP,VER_TODOS,2397,0,4408,0,2026-01-08 16:27:09
1601811151777-01,2026-01-08T13:01:12.6181653+00:00,33537,Mini Preço,Pagamento Aprovado,LP2APP,LP2APP,CAMPO_BUSCA,31979,0,1558,0,2026-01-08 16:27:10
1601811151777-03,2026-01-08T13:01:12.6186601+00:00,13347,Casa do Inox,Pagamento Aprovado,LP2APP,LP2APP,CAMPO_BUSCA,11352,0,1995,0,2026-01-08 16:27:10
1601811151777-02,2026-01-08T13:01:12.6184424+00:00,10061,We Connect,Faturado,LP2APP,LP2APP,CAMPO_BUSCA,7290,0,2771,0,2026-01-08 16:27:10
1601811151776-01,2026-01-08T13:00:30.3781030+00:00,148795,Webfones,Pagamento Aprovado,LP2APP,LP2APP,CELULARES,143900,0,4895,0,2026-01-08 16:27:10
1601811151770-01,2026-01-08T12:49:29.3286657+00:00,13952,Philco,Pagamento Aprovado,LP2APP,LP2APP,VER_TODOS,11990,0,1962,0,2026-01-08 16:27:10
1601811151769-01,2026-01-08T12:48:11.4538807+00:00,8516,Mini Preço,Pagamento Aprovado,LP2APP,LP2APP,VER_TODOS,6999,0,1517,0,2026-01-08 16:27:11
1601811151768-01,2026-01-08T12:39:19.6224529+00:00,14953,Indiana,Pagamento Aprovado,LP2APP,LP2APP,VER_TODOS,13577,0,1376,0,2026-01-08 16:27:11
1601811151766-02,2026-01-08T12:37:32.9157996+00:00,6579,Encantech Shop,Pagamento Aprovado,LP2APP,LP2APP,CELULARES,4989,0,1590,0,2026-01-08 16:27:11
1601811151766-01,2026-01-08T12:37:32.9155758+00:00,23969,Farma Conde,Pagamento Aprovado,LP2APP,LP2APP,CELULARES,21636,0,2333,0,2026-01-08 16:27:11
1601811151764-02,2026-01-08T12:37:11.9083570+00:00,79379,WebContinental Marketplace,Pagamento Aprovado,,,,53990,0,25389,0,2026-01-08 16:27:12
1601811151764-01,2026-01-08T12:37:11.9082254+00:00,122496,Multiloja,Pagamento Aprovado,,,,109980,0,12516,0,2026-01-08 16:27:12
1601811151763-01,2026-01-08T12:34:10.1084514+00:00,25980,Electrolux,Pagamento Aprovado,LP2APP,LP2APP,CAMPO_BUSCA,24990,0,990,0,2026-01-08 16:27:12
1601801151760-02,2026-01-08T12:14:18.6641466+00:00,2712,Pense Farma,Pagamento Aprovado,LP2APP,LP2APP,CAMPO_BUSCA,749,0,1963,0,2026-01-08 16:27:12
1601801151760-01,2026-01-08T12:14:18.6640009+00:00,8392,WebContinental Marketplace,Pagamento Aprovado,LP2APP,LP2APP,CAMPO_BUSCA,2999,0,5393,0,2026-01-08 16:27:12
1601801151757-01,2026-01-08T12:02:19.8401544+00:00,15226,Marin Brasil,Pagamento Aprovado,,,,13545,0,1681,0,2026-01-08 16:27:13
1601801151757-03,2026-01-08T12:02:19.8404904+00:00,158988,Madesa,Pagamento Aprovado,,,,145998,0,12990,0,2026-01-08 16:27:13
1601801151757-02,2026-01-08T12:02:19.8403659+00:00,104633,Encantech Shop,Pagamento Aprovado,,,,99000,0,5633,0,2026-01-08 16:27:13
1601801151756-01,2026-01-08T11:58:15.6440525+00:00,92178,Multiloja,Faturado,,,,82990,0,9188,0,2026-01-08 16:27:13
1601801151755-01,2026-01-08T11:40:45.9728193+00:00,19235,WebContinental Marketplace,Pagamento Aprovado,LP2APP,LP2APP,CAMPO_BUSCA,17315,0,1920,0,2026-01-08 16:27:14
1601801151753-01,2026-01-08T11:34:16.5285877+00:00,8640,ROVITEX,Faturado,LP2APP,LP2APP,CAMPO_BUSCA,6999,0,1641,0,2026-01-08 16:27:14
1601801151752-01,2026-01-08T11:31:24.4892741+00:00,71890,Electrolux,Pagamento Aprovado,APP,APP,TV,69900,0,1990,0,2026-01-08 16:27:14
1601791151742-01,2026-01-08T11:02:09.6778039+00:00,17522,WebContinental Marketplace,Pagamento Aprovado,,,,15999,0,1523,0,2026-01-08 16:27:14
1601791151741-01,2026-01-08T10:52:32.6129856+00:00,8072,WebContinental Marketplace,Pagamento Aprovado,LP2APP,LP2APP,CAMPO_BUSCA,6400,0,1672,0,2026-01-08 16:27:14
1601791151739-01,2026-01-08T10:34:07.9651272+00:00,66682,Tetrix,Faturado,LP2APP,LP2APP,CAMPO_BUSCA,58900,0,7782,0,2026-01-08 16:27:15
1601781151738-01,2026-01-08T10:14:23.0893277+00:00,78998,WebContinental Marketplace,Pagamento Aprovado,LP2APP,LP2APP,CAMPO_BUSCA,72999,0,5999,0,2026-01-08 16:27:15
1601781151737-01,2026-01-08T10:12:41.4938687+00:00,16450,Mini Preço,Pagamento Aprovado,LP2APP,LP2APP,VER_TODOS,14950,0,1500,0,2026-01-08 16:27:15
1601781151733-04,2026-01-08T10:03:27.5872376+00:00,12935,WebContinental Marketplace,Faturado,,,,5835,0,7100,0,2026-01-08 16:27:15
1601781151733-02,2026-01-08T10:03:27.5870375+00:00,2924,Mini Preço,Pagamento Aprovado,,,,1599,0,1325,0,2026-01-08 16:27:15
1601781151733-03,2026-01-08T10:03:27.5871308+00:00,5889,Indiana,Pagamento Aprovado,,,,5020,0,869,0,2026-01-08 16:27:16
1601781151733-01,2026-01-08T10:03:27.5868728+00:00,8155,Farma Conde,Pagamento Aprovado,,,,5978,0,2177,0,2026-01-08 16:27:16
1601781151732-01,2026-01-08T09:57:31.5844929+00:00,13959,Electrolux,Pagamento Aprovado,LP2APP,LP2APP,VER_TODOS,12990,0,969,0,2026-01-08 16:27:16
1601771151731-01,2026-01-08T09:27:15.7663273+00:00,12904,We Connect,Faturado,LP2APP,LP2APP,CAMPO_BUSCA,8890,0,4014,0,2026-01-08 16:27:16
1601751151728-01,2026-01-08T06:53:08.3684503+00:00,22050,Indiana,Pagamento Aprovado,LP2APP,LP2APP,VER_TODOS,19960,0,2090,0,2026-01-08 16:27:16
1601741151727-01,2026-01-08T06:26:36.8002854+00:00,137835,Encantech Shop,Pagamento Aprovado,LP2APP,LP2APP,CAMPO_BUSCA,119800,0,18035,0,2026-01-08 16:27:16
1601731151725-01,2026-01-08T05:28:38.1048054+00:00,17580,Farma Conde,Pagamento Aprovado,,,,11418,0,6162,0,2026-01-08 16:27:17
1601721151718-01,2026-01-08T04:06:25.5946890+00:00,20308,Farma Conde,Pagamento Aprovado,LP2APP,LP2APP,CAMPO_BUSCA,17598,0,2710,0,2026-01-08 16:27:17
1601721151718-02,2026-01-08T04:06:25.5949048+00:00,10353,Indiana,Pagamento Aprovado,LP2APP,LP2APP,CAMPO_BUSCA,9238,0,1115,0,2026-01-08 16:27:18
1601721151716-02,2026-01-08T03:55:24.3492640+00:00,6680,Encantech Shop,Pagamento Aprovado,LP2APP,LP2APP,CAMPO_BUSCA,4990,0,1690,0,2026-01-08 16:27:18
1601721151716-01,2026-01-08T03:55:24.3490887+00:00,11027,Indiana,Pagamento Aprovado,LP2APP,LP2APP,CAMPO_BUSCA,9880,0,1147,0,2026-01-08 16:27:18
1601711151711-01,2026-01-08T02:59:09.5208266+00:00,135889,MMPlace,Faturado,APP,APP,TV,132930,0,2959,0,2026-01-08 16:27:18
1601711151710-01,2026-01-08T02:58:19.7204933+00:00,49900,Encantech Shop,Faturado,LP2APP,LP2APP,VER_TODOS,49900,0,0,0,2026-01-08 16:27:19
1601711151709-01,2026-01-08T02:56:34.1295050+00:00,5424,WebContinental Marketplace,Pagamento Aprovado,,,,2816,0,2608,0,2026-01-08 16:27:19
1601711151706-01,2026-01-08T02:53:10.6046393+00:00,25235,Indiana,Pagamento Aprovado,LP2APP,LP2APP,CAMPO_BUSCA,24302,0,933,0,2026-01-08 16:27:19
1601711151705-01,2026-01-08T02:49:34.1855158+00:00,28052,Encantech Shop,Pagamento Aprovado,,,,26900,0,1152,0,2026-01-08 16:27:19
1601711151702-01,2026-01-08T02:38:38.0646938+00:00,22990,Encantech Shop,Pagamento Aprovado,LP2APP,LP2APP,CAMPO_BUSCA,22990,0,0,0,2026-01-08 16:27:19
1601711151701-01,2026-01-08T02:32:10.1041142+00:00,31747,WebContinental,Faturado,LP2APP,LP2APP,CELULARES,27636,0,4111,0,2026-01-08 16:27:20
1601711151700-01,2026-01-08T02:31:52.9281249+00:00,16293,WebContinental Marketplace,Faturado,,,,10609,0,5684,0,2026-01-08 16:27:20
1601701151699-01,2026-01-08T02:29:32.1651528+00:00,193890,Electrolux,Pagamento Aprovado,LP2APP,LP2APP,VER_TODOS,189900,0,3990,0,2026-01-08 16:27:20
1601701151694-01,2026-01-08T02:18:35.0163559+00:00,3194,ROVITEX,Faturado,APP,APP,TV,2580,0,614,0,2026-01-08 16:27:20
1601701151693-01,2026-01-08T02:13:45.6177809+00:00,63804,Philco,Faturado,,,,59990,0,3814,0,2026-01-08 16:27:20
1601701151691-01,2026-01-08T02:07:09.2545005+00:00,17990,Electrolux,Faturado,LP2APP,LP2APP,CAMPO_BUSCA,17990,0,0,0,2026-01-08 16:27:21
1601701151685-01,2026-01-08T01:47:26.8328700+00:00,54104,WebContinental Marketplace,Faturado,LP2APP,LP2APP,CAMPO_BUSCA,45990,0,8114,0,2026-01-08 16:27:21
1601701151679-01,2026-01-08T01:41:08.5263913+00:00,28980,Electrolux,Faturado,LP2APP,LP2APP,VER_TODOS,27990,0,990,0,2026-01-08 16:27:21
1601691151673-01,2026-01-08T01:28:06.4400739+00:00,12293,Guimepa,Pagamento Aprovado,LP2APP,LP2APP,CAMPO_BUSCA,10390,0,1903,0,2026-01-08 16:27:21
1601691151672-01,2026-01-08T01:22:55.5658698+00:00,36380,WebContinental Marketplace,Pagamento Aprovado,LP2APP,LP2APP,CAMPO_BUSCA,32890,0,3490,0,2026-01-08 16:27:22
1601691151670-01,2026-01-08T01:19:31.0533432+00:00,5490,Encantech Shop,Faturado,BANNER,,,5490,0,0,0,2026-01-08 16:27:22
1601691151668-01,2026-01-08T01:15:21.7307606+00:00,17980,Electrolux,Faturado,LP2APP,LP2APP,VER_TODOS,16990,0,990,0,2026-01-08 16:27:22
1601691151665-01,2026-01-08T01:01:45.0876766+00:00,9834,WebContinental Marketplace,Faturado,LP2APP,LP2APP,CAMPO_BUSCA,7277,0,2557,0,2026-01-08 16:27:22
1601691151663-01,2026-01-08T00:58:22.6969340+00:00,53277,Philco,Faturado,,,,49980,0,3297,0,2026-01-08 16:27:23
1601691151658-01,2026-01-08T00:50:47.5410285+00:00,58980,Electrolux,Faturado,LP2APP,LP2APP,VER_TODOS,57990,0,990,0,2026-01-08 16:27:23
1601691151657-01,2026-01-08T00:49:51.1860825+00:00,18843,WebContinental Marketplace,Faturado,LP2APP,LP2APP,CAMPO_BUSCA,16489,0,2354,0,2026-01-08 16:27:23
1601691151655-01,2026-01-08T00:38:55.9471928+00:00,16458,Mini Preço,Pagamento Aprovado,LP2APP,LP2APP,CAMPO_BUSCA,14999,0,1459,0,2026-01-08 16:27:23
1601691151653-01,2026-01-08T00:35:42.0873268+00:00,50053,Philco,Faturado,LP2APP,LP2APP,VER_TODOS,41980,0,8073,0,2026-01-08 16:27:24
1601691151651-01,2026-01-08T00:31:55.7312174+00:00,32500,WebContinental Marketplace,Pagamento Aprovado,,,,24000,0,8500,0,2026-01-08 16:27:24
1601681151649-01,2026-01-08T00:26:09.0737306+00:00,4341,WebContinental Marketplace,Pagamento Aprovado,LP2APP,LP2APP,VER_TODOS,2876,0,1465,0,2026-01-08 16:27:24
1601681151646-01,2026-01-08T00:23:18.1774127+00:00,29828,WebContinental Marketplace,Faturado,,,,28557,0,1271,0,2026-01-08 16:27:24
1601681151645-01,2026-01-08T00:21:18.9433302+00:00,17829,Philco,Faturado,,,,15990,0,1839,0,2026-01-08 16:27:24
1601681151643-01,2026-01-08T00:18:38.8228416+00:00,18394,Indiana,Pagamento Aprovado,LP2APP,LP2APP,CAMPO_BUSCA,15998,0,2396,0,2026-01-08 16:27:24
1601681151636-01,2026-01-08T00:11:55.9184209+00:00,18074,Encantech Shop,Pagamento Aprovado,LP2APP,LP2APP,CAMPO_BUSCA,14900,0,3174,0,2026-01-08 16:27:25
1601681151629-01,2026-01-08T00:05:38.6835559+00:00,63946,Multiloja,Faturado,LP2APP,LP2APP,MOVEIS,52990,0,10956,0,2026-01-08 16:27:25
1601681151628-01,2026-01-08T00:04:34.2963625+00:00,26696,Mini Preço,Pagamento Aprovado,LP2APP,LP2APP,CAMPO_BUSCA,24999,0,1697,0,2026-01-08 16:27:25
1601681151626-01,2026-01-08T00:00:47.6647320+00:00,30790,Philco,Faturado,LP2APP,LP2APP,CAMPO_BUSCA,24990,0,5800,0,2026-01-08 16:27:25
1601681151625-01,2026-01-07T23:49:45.7331374+00:00,37980,Electrolux,Faturado,APP,APP,TV,36990,0,990,0,2026-01-08 16:27:26
1601681151624-01,2026-01-07T23:47:11.2644179+00:00,19954,Philco,Faturado,LP2APP,LP2APP,CAMPO_BUSCA,17990,0,1964,0,2026-01-08 16:27:26
1601681151611-01,2026-01-07T23:30:23.3141762+00:00,27288,Encantech Shop,Pagamento Aprovado,LP2APP,LP2APP,CAMPO_BUSCA,26590,0,698,0,2026-01-08 16:27:26
1601671151607-01,2026-01-07T23:26:39.2607195+00:00,19831,WebContinental Marketplace,Faturado,LP2APP,LP2APP,CAMPO_BUSCA,13610,0,6221,0,2026-01-08 16:27:27
1601671151605-01,2026-01-07T23:25:18.9260923+00:00,55426,Multiloja,Faturado,LP2APP,LP2APP,CAMPO_BUSCA,47990,0,7436,0,2026-01-08 16:27:27
1601671151604-01,2026-01-07T23:22:49.6886399+00:00,17227,Philco,Faturado,LP2APP,LP2APP,CAMPO_BUSCA,14990,0,2237,0,2026-01-08 16:27:27
1601671151602-01,2026-01-07T23:19:57.9009257+00:00,166295,WebContinental Marketplace,Pagamento Aprovado,,,,136395,0,29900,0,2026-01-08 16:27:27
1601671151601-01,2026-01-07T23:19:36.5758744+00:00,78721,Encantech Shop,Faturado,LP2APP,LP2APP,CELULARES,77900,0,821,0,2026-01-08 16:27:28
1601671151598-01,2026-01-07T23:15:08.9045115+00:00,18709,Livraria Martins Fontes Paulista,Pagamento Aprovado,LP2APP,LP2APP,CAMPO_BUSCA,15980,0,2729,0,2026-01-08 16:27:28
1601671151596-01,2026-01-07T23:14:40.9947630+00:00,88042,Webfones,Faturado,LP2APP,LP2APP,CELULARES,82900,0,5142,0,2026-01-08 16:27:28
1601671151595-01,2026-01-07T23:13:48.1545498+00:00,20974,Philco,Faturado,LP2APP,LP2APP,CAMPO_BUSCA,15990,0,4984,0,2026-01-08 16:27:29
1601671151580-01,2026-01-07T23:01:22.9987839+00:00,49900,Encantech Shop,Pagamento Aprovado,LP2APP,LP2APP,CAMPO_BUSCA,49900,0,0,0,2026-01-08 16:27:29
1601671151577-01,2026-01-07T22:57:30.5558931+00:00,34151,Mini Preço,Pagamento Aprovado,,,,32939,0,1212,0,2026-01-08 16:27:29
1601671151568-01,2026-01-07T22:30:29.3387818+00:00,17828,Indiana,Pagamento Aprovado,LP2APP,LP2APP,VER_TODOS,15488,0,2340,0,2026-01-08 16:27:29
1601661151565-01,2026-01-07T22:23:48.8412109+00:00,8486,WebContinental Marketplace,Faturado,LP2APP,LP2APP,VER_TODOS,6289,0,2197,0,2026-01-08 16:27:29
1601661151563-01,2026-01-07T22:19:45.0910818+00:00,87185,Webfones,Faturado,LP2APP,LP2APP,CELULARES,82900,0,4285,0,2026-01-08 16:27:30
1601661151560-01,2026-01-07T22:06:47.0145765+00:00,34823,WebContinental Marketplace,Faturado,APP,APP,TV,21837,0,12986,0,2026-01-08 16:27:30
1601661151558-01,2026-01-07T22:03:44.8736892+00:00,25084,Encantech Shop,Faturado,LP2APP,LP2APP,CAMPO_BUSCA,24200,0,884,0,2026-01-08 16:27:30
1601661151553-01,2026-01-07T21:57:54.6440914+00:00,21320,Marin Brasil,Faturado,LP2APP,LP2APP,CAMPO_BUSCA,19845,0,1475,0,2026-01-08 16:27:30
1601661151553-03,2026-01-07T21:57:54.6443409+00:00,17550,Philco,Faturado,LP2APP,LP2APP,CAMPO_BUSCA,12990,0,4560,0,2026-01-08 16:27:30
1601661151553-02,2026-01-07T21:57:54.6442530+00:00,42257,WebContinental Marketplace,Faturado,LP2APP,LP2APP,CAMPO_BUSCA,39980,0,2277,0,2026-01-08 16:27:30
1601661151550-01,2026-01-07T21:44:19.8566604+00:00,16771,Electrolux,Faturado,LP2APP,LP2APP,CAMPO_BUSCA,14990,0,1781,0,2026-01-08 16:27:30
1601661151545-01,2026-01-07T21:31:41.4175024+00:00,48325,WebContinental,Faturado,LP2APP,LP2APP,CAMPO_BUSCA,40368,0,7957,0,2026-01-08 16:27:31
1601661151545-02,2026-01-07T21:31:41.4176600+00:00,202433,Encantech Shop,Pagamento Aprovado,LP2APP,LP2APP,CAMPO_BUSCA,199900,0,2533,0,2026-01-08 16:27:31
1601651151544-01,2026-01-07T21:29:06.5984765+00:00,99414,Webfones,Faturado,LP2APP,LP2APP,CELULARES,94900,0,4514,0,2026-01-08 16:27:31
1601651151539-01,2026-01-07T21:23:45.3928794+00:00,14999,Mini Preço,Pagamento Aprovado,LP2APP,LP2APP,VER_TODOS,14999,0,0,0,2026-01-08 16:27:31
1601651151538-01,2026-01-07T21:22:00.2625357+00:00,25980,Electrolux,Faturado,LP2APP,LP2APP,VER_TODOS,24990,0,990,0,2026-01-08 16:27:31
1601651151534-01,2026-01-07T21:18:17.7165338+00:00,21056,Electrolux,Faturado,LP2APP,LP2APP,CAMPO_BUSCA,18990,0,2066,0,2026-01-08 16:27:32
1601651151533-01,2026-01-07T21:16:37.9459013+00:00,36813,Pneu Barato,Faturado,LP2APP,LP2APP,CAMPO_BUSCA,31498,0,5315,0,2026-01-08 16:27:32
1601651151532-01,2026-01-07T21:12:20.0158598+00:00,122200,Armazém Circular,Faturado,LP2APP,LP2APP,CELULARES,119700,0,2500,0,2026-01-08 16:27:32
1601651151525-01,2026-01-07T20:59:13.5240946+00:00,5432,WebContinental Marketplace,Pagamento Aprovado,LP2APP,LP2APP,CAMPO_BUSCA,3290,0,2142,0,2026-01-08 16:27:32
1601651151522-01,2026-01-07T20:57:08.0642709+00:00,22990,Encantech Shop,Pagamento Aprovado,LP2APP,LP2APP,CAMPO_BUSCA,22990,0,0,0,2026-01-08 16:27:32
1601651151522-03,2026-01-07T20:57:08.0645088+00:00,23916,Philco,Faturado,LP2APP,LP2APP,CAMPO_BUSCA,20990,0,2926,0,2026-01-08 16:27:33
1601651151522-02,2026-01-07T20:57:08.0644120+00:00,19990,Electrolux,Faturado,LP2APP,LP2APP,CAMPO_BUSCA,19990,0,0,0,2026-01-08 16:27:33
1601651151520-01,2026-01-07T20:50:20.0829907+00:00,68033,Electrolux,Pagamento Aprovado,LP2APP,LP2APP,CAMPO_BUSCA,59900,0,8133,0,2026-01-08 16:27:33
1601651151519-01,2026-01-07T20:43:50.6124738+00:00,16146,WebContinental Marketplace,Faturado,,,,12952,0,3194,0,2026-01-08 16:27:33
1601651151512-01,2026-01-07T20:34:36.3157203+00:00,7797,Indiana,Pagamento Aprovado,LP2APP,LP2APP,CAMPO_BUSCA,6980,0,817,0,2026-01-08 16:27:33
1601641151511-01,2026-01-07T20:26:41.5654246+00:00,18900,Encantech Shop,Faturado,,,,18900,0,0,0,2026-01-08 16:27:34
1601641151510-01,2026-01-07T20:19:05.2147410+00:00,19130,Encantech Shop,Pagamento Aprovado,LP2APP,LP2APP,VER_TODOS,18500,0,630,0,2026-01-08 16:27:34
1601641151509-01,2026-01-07T20:11:59.5374226+00:00,58245,Philco,Faturado,,,,50990,0,7255,0,2026-01-08 16:27:34
1601641151508-01,2026-01-07T20:10:15.0783113+00:00,87185,Webfones,Faturado,,,,82900,0,4285,0,2026-01-08 16:27:34
1601641151506-01,2026-01-07T20:04:52.4440386+00:00,76857,Encantech Shop,Pagamento Aprovado,,,,71490,0,5367,0,2026-01-08 16:27:35
1601641151505-01,2026-01-07T20:02:25.3991301+00:00,20091,Encantech Shop,Pagamento Aprovado,INAPP,INAPP,27112025,18500,0,1591,0,2026-01-08 16:27:35
1601641151504-01,2026-01-07T20:01:45.2173774+00:00,89900,Direct Stock,Faturado,LP2APP,LP2APP,CELULARES,89900,0,0,0,2026-01-08 16:27:35
1601641151499-03,2026-01-07T19:59:03.3429764+00:00,7437,Mini Preço,Pagamento Aprovado,LP2APP,LP2APP,CAMPO_BUSCA,5990,0,1447,0,2026-01-08 16:27:35
1601641151499-02,2026-01-07T19:59:03.3428891+00:00,62185,Encantech Shop,Faturado,LP2APP,LP2APP,CAMPO_BUSCA,58300,0,3885,0,2026-01-08 16:27:35
1601641151499-01,2026-01-07T19:59:03.3427348+00:00,11371,WebContinental Marketplace,Faturado,LP2APP,LP2APP,CAMPO_BUSCA,7371,0,4000,0,2026-01-08 16:27:35
1601641151496-01,2026-01-07T19:55:23.1343540+00:00,16341,Indiana,Pagamento Aprovado,LP2APP,LP2APP,VER_TODOS,12791,0,3550,0,2026-01-08 16:27:36
1601641151494-01,2026-01-07T19:51:49.6373589+00:00,156034,Encantech Shop,Pagamento Aprovado,LP2APP,LP2APP,CELULARES,155312,0,722,0,2026-01-08 16:27:36
1601641151492-02,2026-01-07T19:39:32.5310957+00:00,56996,Mini Preço,Pagamento Aprovado,LP2APP,LP2APP,VER_TODOS,54928,0,2068,0,2026-01-08 16:27:36
1601641151492-01,2026-01-07T19:39:32.5309573+00:00,19332,WebContinental Marketplace,Faturado,LP2APP,LP2APP,VER_TODOS,14890,0,4442,0,2026-01-08 16:27:36
1601631151490-01,2026-01-07T19:23:27.1802358+00:00,55635,WebContinental Marketplace,Faturado,LP2APP,LP2APP,VER_TODOS,48390,0,7245,0,2026-01-08 16:27:36
1601631151489-01,2026-01-07T19:15:07.0317692+00:00,17990,Electrolux,Pagamento Aprovado,LP2APP,LP2APP,MOVEIS,17990,0,0,0,2026-01-08 16:27:36
1601631151488-01,2026-01-07T19:14:37.5834098+00:00,34980,Electrolux,Faturado,LP2APP,LP2APP,CAMPO_BUSCA,33990,0,990,0,2026-01-08 16:27:37
1601631151487-01,2026-01-07T19:14:10.4639429+00:00,18693,Farma Conde,Pagamento Aprovado,LP2APP,LP2APP,VER_TODOS,16349,0,2344,0,2026-01-08 16:27:37
1601631151486-01,2026-01-07T19:01:01.8445938+00:00,99414,Webfones,Faturado,LP2APP,LP2APP,CELULARES,94900,0,4514,0,2026-01-08 16:27:37
1601631151485-01,2026-01-07T18:53:48.9775029+00:00,42998,Madesa,Faturado,LP2APP,LP2APP,CAMPO_BUSCA,37999,0,4999,0,2026-01-08 16:27:37
1601631151484-01,2026-01-07T18:53:45.0866928+00:00,110989,Madesa,Faturado,LP2APP,LP2APP,CAMPO_BUSCA,103999,0,6990,0,2026-01-08 16:27:37
1601631151478-01,2026-01-07T18:41:22.7680068+00:00,52326,Guimepa,Pagamento Aprovado,LP2APP,LP2APP,CAMPO_BUSCA,49980,0,2346,0,2026-01-08 16:27:38
1601631151477-01,2026-01-07T18:38:23.3714177+00:00,25749,WebContinental Marketplace,Faturado,SALESFORCE,EMAIL,EMM30122025,23490,0,2259,0,2026-01-08 16:27:38
1601631151475-01,2026-01-07T18:37:06.4634402+00:00,61890,Electrolux,Pagamento Aprovado,LP2APP,LP2APP,CAMPO_BUSCA,59900,0,1990,0,2026-01-08 16:27:38
1601631151472-01,2026-01-07T18:30:56.4694069+00:00,15821,WebContinental Marketplace,Faturado,LP2APP,LP2APP,CAMPO_BUSCA,13512,0,2309,0,2026-01-08 16:27:39
1601631151471-01,2026-01-07T18:30:34.3022173+00:00,20110,Encantech Shop,Faturado,,,,18900,0,1210,0,2026-01-08 16:27:39
1601621151470-01,2026-01-07T18:26:50.5667989+00:00,20752,Philco,Faturado,LP2APP,LP2APP,VER_TODOS,18990,0,1762,0,2026-01-08 16:27:39
1601621151466-03,2026-01-07T18:25:13.9611538+00:00,10998,Marin Brasil,Faturado,LP2APP,LP2APP,CELULARES,9345,0,1653,0,2026-01-08 16:27:39
1601621151466-04,2026-01-07T18:25:13.9612596+00:00,10980,Electrolux,Faturado,LP2APP,LP2APP,CELULARES,9990,0,990,0,2026-01-08 16:27:39
1601621151466-02,2026-01-07T18:25:13.9610459+00:00,11605,Mini Preço,Pagamento Aprovado,LP2APP,LP2APP,CELULARES,9990,0,1615,0,2026-01-08 16:27:40
1601621151466-01,2026-01-07T18:25:13.9609077+00:00,66728,WebContinental Marketplace,Faturado,LP2APP,LP2APP,CELULARES,64869,0,1859,0,2026-01-08 16:27:40
1601621151456-02,2026-01-07T17:59:06.7713206+00:00,5337,WebContinental Marketplace,Faturado,LP2APP,LP2APP,CAMPO_BUSCA,3480,0,1857,0,2026-01-08 16:27:40
1601621151456-01,2026-01-07T17:59:06.7710625+00:00,20309,ROVITEX,Faturado,LP2APP,LP2APP,CAMPO_BUSCA,19592,0,717,0,2026-01-08 16:27:40
1601621151453-01,2026-01-07T17:46:22.7153743+00:00,85490,Webfones,Faturado,LP2APP,LP2APP,CELULARES,82900,0,2590,0,2026-01-08 16:27:41
1601621151452-01,2026-01-07T17:46:01.1072031+00:00,3702,Indiana,Pagamento Aprovado,,,,2829,0,873,0,2026-01-08 16:27:41
1601621151449-01,2026-01-07T17:43:34.2299644+00:00,22550,Philco,Faturado,,,,19990,0,2560,0,2026-01-08 16:27:41
1601621151447-01,2026-01-07T17:42:10.5176786+00:00,52164,Encantech Shop,Faturado,LP2APP,LP2APP,CELULARES,49900,0,2264,0,2026-01-08 16:27:41
1601621151446-01,2026-01-07T17:37:14.2903438+00:00,12507,WebContinental Marketplace,Faturado,LP2APP,LP2APP,VER_TODOS,11490,0,1017,0,2026-01-08 16:27:41
1601621151445-01,2026-01-07T17:36:20.1006378+00:00,6068,Farma Conde,Faturado,LP2APP,LP2APP,CAMPO_BUSCA,3499,0,2569,0,2026-01-08 16:27:41
1601621151444-01,2026-01-07T17:32:48.5753831+00:00,51899,WebContinental,Faturado,,,,45900,0,5999,0,2026-01-08 16:27:42
1601621151441-01,2026-01-07T17:30:20.8989478+00:00,382490,Encantech Shop,Pagamento Aprovado,,,,376100,0,6390,0,2026-01-08 16:27:42
1601611151432-01,2026-01-07T17:11:54.8853183+00:00,163344,Encantech Shop,Pagamento Aprovado,APP,APP,TV,161200,0,2144,0,2026-01-08 16:27:42
1601611151431-01,2026-01-07T17:05:15.5604893+00:00,194536,Webfones,Faturado,LP2APP,LP2APP,CELULARES,189800,0,4736,0,2026-01-08 16:27:42
1601601151410-01,2026-01-07T16:27:56.4602201+00:00,34319,WebContinental Marketplace,Faturado,LP2APP,LP2APP,CAMPO_BUSCA,28289,0,6030,0,2026-01-08 16:27:42
1601601151409-01,2026-01-07T16:27:47.4863049+00:00,46194,Philco,Faturado,APP,APP,TV,40990,0,5204,0,2026-01-08 16:27:43
1601601151408-01,2026-01-07T16:27:04.6521035+00:00,14843,Indiana,Pagamento Aprovado,LP2APP,LP2APP,VER_TODOS,12894,0,1949,0,2026-01-08 16:27:43
1601601151407-01,2026-01-07T16:25:47.7491475+00:00,8869,WebContinental Marketplace,Faturado,LP2APP,LP2APP,CAMPO_BUSCA,7190,0,1679,0,2026-01-08 16:27:43
1601601151405-01,2026-01-07T16:24:12.8856904+00:00,89833,Webfones,Faturado,LP2APP,LP2APP,CELULARES,82900,0,6933,0,2026-01-08 16:27:43
1601601151401-01,2026-01-07T16:23:16.9551270+00:00,66990,WebContinental Marketplace,Faturado,LP2APP,LP2APP,CAMPO_BUSCA,56990,0,10000,0,2026-01-08 16:27:43
1601601151399-01,2026-01-07T16:18:15.8211358+00:00,119830,Encantech Shop,Pagamento Aprovado,APP,APP,TV,115900,0,3930,0,2026-01-08 16:27:43
1601601151396-02,2026-01-07T16:15:28.6862372+00:00,51038,Encantech Shop,Pagamento Aprovado,LP2APP,LP2APP,CAMPO_BUSCA,49900,0,1138,0,2026-01-08 16:27:44
1601601151396-01,2026-01-07T16:15:28.6860849+00:00,6278,Mini Preço,Pagamento Aprovado,LP2APP,LP2APP,CAMPO_BUSCA,4990,0,1288,0,2026-01-08 16:27:44
1601601151394-01,2026-01-07T16:08:38.1518652+00:00,87510,Webfones,Faturado,LP2APP,LP2APP,CELULARES,84900,0,2610,0,2026-01-08 16:27:44
1601601151393-01,2026-01-07T16:00:43.1836894+00:00,25068,Home2You,Faturado,LP2APP,LP2APP,CAMPO_BUSCA,18042,0,7026,0,2026-01-08 16:27:44
1601601151389-01,2026-01-07T15:41:18.9486816+00:00,431496,Encantech Shop,Faturado,LP2APP,LP2APP,CELULARES,415700,0,15796,0,2026-01-08 16:27:44
1601601151389-02,2026-01-07T15:41:18.9489225+00:00,52900,Direct Stock,Faturado,LP2APP,LP2APP,CELULARES,52900,0,0,0,2026-01-08 16:27:45
1601601151386-01,2026-01-07T15:30:15.8789743+00:00,19712,ROVITEX,Faturado,LP2APP,LP2APP,CAMPO_BUSCA,18999,0,713,0,2026-01-08 16:27:45
1601591151383-01,2026-01-07T15:27:53.5443861+00:00,168462,Encantech Shop,Pagamento Aprovado,APP,APP,TV,160800,0,7662,0,2026-01-08 16:27:45
1601591151381-01,2026-01-07T15:22:49.5272320+00:00,89205,Webfones,Faturado,LP2APP,LP2APP,CELULARES,84900,0,4305,0,2026-01-08 16:27:45
1601591151378-01,2026-01-07T15:19:16.8425044+00:00,189890,Electrolux,Faturado,LP2APP,LP2APP,CAMPO_BUSCA,184900,0,4990,0,2026-01-08 16:27:45
1601591151377-01,2026-01-07T15:16:53.8588206+00:00,81975,Encantech Shop,Pagamento Aprovado,APP,APP,TV,80400,0,1575,0,2026-01-08 16:27:46
1601591151372-01,2026-01-07T15:04:46.8988748+00:00,67333,WebContinental Marketplace,Faturado,,,,61090,0,6243,0,2026-01-08 16:27:46
1601591151367-01,2026-01-07T14:56:14.6536944+00:00,12886,Encantech Shop,Faturado,LP2APP,LP2APP,VER_TODOS,11990,0,896,0,2026-01-08 16:27:46
1601591151365-01,2026-01-07T14:52:21.9272402+00:00,31926,Encantech Shop,Pagamento Aprovado,,,,31200,0,726,0,2026-01-08 16:27:46
1601591151361-01,2026-01-07T14:40:25.0458901+00:00,6649,Mini Preço,Pagamento Aprovado,,,,4990,0,1659,0,2026-01-08 16:27:46
1601591151360-01,2026-01-07T14:40:23.8186915+00:00,18996,Philco,Faturado,LP2APP,LP2APP,CAMPO_BUSCA,12990,0,6006,0,2026-01-08 16:27:46
1601591151359-01,2026-01-07T14:35:04.3882855+00:00,9707,Farma Conde,Faturado,LP2APP,LP2APP,CAMPO_BUSCA,7515,0,2192,0,2026-01-08 16:27:47
1601581151357-01,2026-01-07T14:26:49.3978419+00:00,59323,WebContinental Marketplace,Pagamento Aprovado,LP2APP,LP2APP,CAMPO_BUSCA,54333,0,4990,0,2026-01-08 16:27:47
1601581151355-01,2026-01-07T14:24:24.4831954+00:00,10499,Farma Conde,Faturado,LP2APP,LP2APP,VER_TODOS,8299,0,2200,0,2026-01-08 16:27:47
1601581151353-01,2026-01-07T14:10:26.4270356+00:00,30494,Electrolux,Faturado,LP2APP,LP2APP,CAMPO_BUSCA,27990,0,2504,0,2026-01-08 16:27:47
1601581151349-01,2026-01-07T13:59:57.0313746+00:00,2430,Mini Preço,Pagamento Aprovado,,,,690,0,1740,0,2026-01-08 16:27:48
1601581151345-01,2026-01-07T13:53:17.3339758+00:00,50769,Encantech Shop,Pagamento Aprovado,LP2APP,LP2APP,CAMPO_BUSCA,44500,0,6269,0,2026-01-08 16:27:48
1601581151339-01,2026-01-07T13:48:38.4360909+00:00,22970,Electrolux,Pagamento Aprovado,LP2APP,LP2APP,VER_TODOS,21980,0,990,0,2026-01-08 16:27:48
1601581151332-01,2026-01-07T13:43:17.1508246+00:00,22091,Encantech Shop,Pagamento Aprovado,LP2APP,LP2APP,CAMPO_BUSCA,18900,0,3191,0,2026-01-08 16:27:48
1601581151329-01,2026-01-07T13:41:31.1249362+00:00,17312,Encantech Shop,Pagamento Aprovado,LP2APP,LP2APP,CAMPO_BUSCA,16890,0,422,0,2026-01-08 16:27:49
1601581151329-02,2026-01-07T13:41:31.1250840+00:00,31758,Indiana,Pagamento Aprovado,LP2APP,LP2APP,CAMPO_BUSCA,30391,0,1367,0,2026-01-08 16:27:49
1601581151325-01,2026-01-07T13:38:51.9743191+00:00,16900,Direct Stock,Faturado,,,,16900,0,0,0,2026-01-08 16:27:49
1601581151324-01,2026-01-07T13:34:32.2663673+00:00,54566,Eurenovo,Faturado,LP2APP,LP2APP,CELULARES,51777,0,2789,0,2026-01-08 16:27:49
1601571151319-02,2026-01-07T13:28:25.0051632+00:00,10857,WebContinental Marketplace,Faturado,LP2APP,LP2APP,VER_TODOS,8913,0,1944,0,2026-01-08 16:27:49
1601571151319-01,2026-01-07T13:28:25.0049385+00:00,27446,Philco,Faturado,LP2APP,LP2APP,VER_TODOS,24990,0,2456,0,2026-01-08 16:27:49
1601571151318-01,2026-01-07T13:27:10.4004854+00:00,16900,Direct Stock,Faturado,LP2APP,LP2APP,VER_TODOS,16900,0,0,0,2026-01-08 16:27:50
1601571151317-01,2026-01-07T13:26:28.7719787+00:00,9689,Farma Conde,Faturado,LP2APP,LP2APP,CAMPO_BUSCA,7497,0,2192,0,2026-01-08 16:27:50
1601571151316-01,2026-01-07T13:21:56.0903812+00:00,153890,Electrolux,Faturado,LP2APP,LP2APP,CAMPO_BUSCA,149900,0,3990,0,2026-01-08 16:27:50
1601571151315-01,2026-01-07T13:17:37.5457069+00:00,9186,WebContinental Marketplace,Pagamento Aprovado,LP2APP,LP2APP,CAMPO_BUSCA,6990,0,2196,0,2026-01-08 16:27:50
1601571151310-01,2026-01-07T13:02:13.3037514+00:00,12121,Pense Farma,Faturado,LP2APP,LP2APP,VER_TODOS,9954,0,2167,0,2026-01-08 16:27:51
1601571151309-01,2026-01-07T12:57:55.9554610+00:00,61942,WebContinental,Faturado,LP2APP,LP2APP,CAMPO_BUSCA,55272,0,6670,0,2026-01-08 16:27:51
1601571151304-02,2026-01-07T12:55:57.2819332+00:00,4235,Mini Preço,Pagamento Aprovado,LP2APP,LP2APP,VER_TODOS,2760,0,1475,0,2026-01-08 16:27:51
1601571151304-03,2026-01-07T12:55:57.2820192+00:00,5926,ROVITEX,Faturado,LP2APP,LP2APP,VER_TODOS,5160,0,766,0,2026-01-08 16:27:51
1601571151304-01,2026-01-07T12:55:57.2818005+00:00,13614,WebContinental Marketplace,Faturado,LP2APP,LP2APP,VER_TODOS,10990,0,2624,0,2026-01-08 16:27:51
1601571151302-01,2026-01-07T12:51:04.5691601+00:00,8658,Tetrix,Faturado,LP2APP,LP2APP,VER_TODOS,5790,0,2868,0,2026-01-08 16:27:52
1601571151301-01,2026-01-07T12:37:22.9199123+00:00,12841,Philco,Faturado,LP2APP,LP2APP,VER_TODOS,10990,0,1851,0,2026-01-08 16:27:52
1601571151300-01,2026-01-07T12:35:32.4942517+00:00,80480,Multiloja,Pagamento Aprovado,,,,74580,0,5900,0,2026-01-08 16:27:52
1601561151298-01,2026-01-07T12:28:39.8229175+00:00,19069,Philco,Faturado,LP2APP,LP2APP,CAMPO_BUSCA,16990,0,2079,0,2026-01-08 16:27:52
1601561151297-01,2026-01-07T12:28:05.5451509+00:00,6025,Indiana,Pagamento Aprovado,APP,APP,TV,4968,0,1057,0,2026-01-08 16:27:53
1601561151295-01,2026-01-07T12:26:05.1084964+00:00,11537,Mini Preço,Pagamento Aprovado,LP2APP,LP2APP,CAMPO_BUSCA,9990,0,1547,0,2026-01-08 16:27:53
1601561151293-01,2026-01-07T12:20:29.6118496+00:00,185922,Encantech Shop,Faturado,LP2APP,LP2APP,CELULARES,185200,0,722,0,2026-01-08 16:27:53
1601561151292-01,2026-01-07T12:17:55.6000386+00:00,17983,Philco,Faturado,LP2APP,LP2APP,ELETROPORTATEIS,15990,0,1993,0,2026-01-08 16:27:53
1601561151291-01,2026-01-07T12:13:24.8749953+00:00,17225,Farma Conde,Faturado,LP2APP,LP2APP,CAMPO_BUSCA,14096,0,3129,0,2026-01-08 16:27:53
1601561151290-01,2026-01-07T12:00:11.3565464+00:00,21798,Mini Preço,Pagamento Aprovado,LP2APP,LP2APP,CAMPO_BUSCA,19990,0,1808,0,2026-01-08 16:27:54
1601561151288-01,2026-01-07T11:51:48.8970125+00:00,82843,Webfones,Faturado,LP2APP,LP2APP,CELULARES,74900,0,7943,0,2026-01-08 16:27:54
1601561151285-01,2026-01-07T11:46:27.7079226+00:00,8209,Indiana,Pagamento Aprovado,LP2APP,LP2APP,CAMPO_BUSCA,7399,0,810,0,2026-01-08 16:27:54
1601561151284-01,2026-01-07T11:45:26.0120537+00:00,6249,WebContinental Marketplace,Faturado,LP2APP,LP2APP,VER_TODOS,5190,0,1059,0,2026-01-08 16:27:54
1601561151281-01,2026-01-07T11:42:05.4550801+00:00,56142,Multiloja,Faturado,LP2APP,LP2APP,CELULARES,47990,0,8152,0,2026-01-08 16:27:54
1601551151280-01,2026-01-07T11:29:54.7122298+00:00,17465,Philco,Faturado,,,,14990,0,2475,0,2026-01-08 16:27:55
1601551151276-01,2026-01-07T11:00:42.0013753+00:00,25980,Electrolux,Pagamento Aprovado,LP2APP,LP2APP,VER_TODOS,24990,0,990,0,2026-01-08 16:27:55
1601551151276-02,2026-01-07T11:00:42.0015040+00:00,20945,Philco,Faturado,LP2APP,LP2APP,VER_TODOS,18990,0,1955,0,2026-01-08 16:27:55
1601551151274-01,2026-01-07T10:30:52.6900044+00:00,46403,WebContinental Marketplace,Faturado,LP2APP,LP2APP,CAMPO_BUSCA,41982,0,4421,0,2026-01-08 16:27:55
1601531151268-01,2026-01-07T09:06:58.9695313+00:00,18096,Encantech Shop,Faturado,,,,16900,0,1196,0,2026-01-08 16:27:55
1601531151266-01,2026-01-07T08:42:10.4290782+00:00,44901,Philco,Faturado,LP2APP,LP2APP,CAMPO_BUSCA,37980,0,6921,0,2026-01-08 16:27:55
1601521151261-01,2026-01-07T07:51:10.9801069+00:00,152261,Multiloja,Faturado,APP,APP,TV,131980,0,20281,0,2026-01-08 16:27:56
1601521151260-01,2026-01-07T07:42:37.1896876+00:00,8288,Rotha Cosméticos,Pagamento Aprovado,LP2APP,LP2APP,VER_TODOS,6303,0,1985,0,2026-01-08 16:27:56
1601521151258-01,2026-01-07T07:37:13.2051785+00:00,20321,WebContinental Marketplace,Faturado,,,,17400,0,2921,0,2026-01-08 16:27:56
1601521151258-02,2026-01-07T07:37:13.2052962+00:00,11328,Mini Preço,Pagamento Aprovado,,,,9990,0,1338,0,2026-01-08 16:27:56
1601511151257-01,2026-01-07T07:11:04.0865785+00:00,12937,Encantech Shop,Pagamento Aprovado,LP2APP,LP2APP,CAMPO_BUSCA,12300,0,637,0,2026-01-08 16:27:56
1601511151256-01,2026-01-07T07:03:05.4143999+00:00,62433,Encantech Shop,Pagamento Aprovado,LP2APP,LP2APP,VER_TODOS,54000,0,8433,0,2026-01-08 16:27:57
1601501151255-01,2026-01-07T06:19:07.3775560+00:00,6278,Mini Preço,Pagamento Aprovado,LP2APP,LP2APP,CAMPO_BUSCA,4990,0,1288,0,2026-01-08 16:27:57
1601491151251-01,2026-01-07T05:14:07.2185810+00:00,86302,Webfones,Faturado,LP2APP,LP2APP,CAMPO_BUSCA,82900,0,3402,0,2026-01-08 16:27:57
1601491151248-01,2026-01-07T04:37:12.2583739+00:00,29177,WebContinental Marketplace,Pagamento Aprovado,APP,APP,TV,11489,0,17688,0,2026-01-08 16:27:57
1601481151246-01,2026-01-07T04:22:04.5514951+00:00,7153,Indiana,Pagamento Aprovado,LP2APP,LP2APP,CABELO,5938,0,1215,0,2026-01-08 16:27:57
1601481151245-01,2026-01-07T04:20:30.8810089+00:00,9194,WebContinental Marketplace,Faturado,LP2APP,LP2APP,CAMPO_BUSCA,5615,0,3579,0,2026-01-08 16:27:57
1601471151239-01,2026-01-07T03:14:22.5444509+00:00,87185,Webfones,Faturado,LP2APP,LP2APP,CELULARES,82900,0,4285,0,2026-01-08 16:27:58
1601471151238-01,2026-01-07T03:00:54.8206758+00:00,4889,Indiana,Pagamento Aprovado,LP2APP,LP2APP,CAMPO_BUSCA,3990,0,899,0,2026-01-08 16:27:58
1601471151233-01,2026-01-07T02:53:52.4795239+00:00,22115,Multiloja,Faturado,LP2APP,LP2APP,CAMPO_BUSCA,19990,0,2125,0,2026-01-08 16:27:59
1601471151232-01,2026-01-07T02:44:19.4859742+00:00,29649,Guimepa,Pagamento Aprovado,APP,APP,ESQUENTA_BLACK2025,26790,0,2859,0,2026-01-08 16:27:59
1601461151228-01,2026-01-07T02:00:20.6754615+00:00,11422,Philco,Faturado,LP2APP,LP2APP,VER_TODOS,9490,0,1932,0,2026-01-08 16:27:59
1601461151227-01,2026-01-07T01:57:45.0378456+00:00,62360,Philco,Faturado,LP2APP,LP2APP,CAMPO_BUSCA,54990,0,7370,0,2026-01-08 16:27:59
1601461151226-01,2026-01-07T01:49:50.1153069+00:00,49998,Madesa,Faturado,LP2APP,LP2APP,CAMPO_BUSCA,43999,0,5999,0,2026-01-08 16:28:00
1601461151221-02,2026-01-07T01:44:37.1842874+00:00,32591,WebContinental Marketplace,Pagamento Aprovado,LP2APP,LP2APP,CABELO,30914,0,1677,0,2026-01-08 16:28:00
1601461151221-01,2026-01-07T01:44:37.1841150+00:00,25278,Guimepa,Faturado,LP2APP,LP2APP,CABELO,17380,0,7898,0,2026-01-08 16:28:00
1601461151219-02,2026-01-07T01:44:33.6394021+00:00,73570,WebContinental Marketplace,Pagamento Aprovado,LP2APP,LP2APP,CAMPO_BUSCA,61000,0,12570,0,2026-01-08 16:28:00
1601461151219-01,2026-01-07T01:44:33.6392123+00:00,156115,Philco,Faturado,LP2APP,LP2APP,CAMPO_BUSCA,149980,0,6135,0,2026-01-08 16:28:01
1601461151218-01,2026-01-07T01:43:39.8336395+00:00,15544,Encantech Shop,Faturado,,,,14900,0,644,0,2026-01-08 16:28:01
1601461151217-01,2026-01-07T01:41:10.0649297+00:00,127911,Encantech Shop,Pagamento Aprovado,,,,119800,0,8111,0,2026-01-08 16:28:01
1601461151216-01,2026-01-07T01:39:51.6472771+00:00,18333,Encantech Shop,Faturado,LP2APP,LP2APP,CAMPO_BUSCA,17900,0,433,0,2026-01-08 16:28:01
1601451151214-01,2026-01-07T01:26:56.4918728+00:00,9105,WebContinental Marketplace,Faturado,LP2APP,LP2APP,CAMPO_BUSCA,7277,0,1828,0,2026-01-08 16:28:01
1601451151213-01,2026-01-07T01:22:14.2608738+00:00,11156,Encantech Shop,Faturado,LP2APP,LP2APP,VER_TODOS,9990,0,1166,0,2026-01-08 16:28:01
1601451151212-01,2026-01-07T01:20:48.1198107+00:00,13258,WebContinental Marketplace,Faturado,LP2APP,LP2APP,CAMPO_BUSCA,11691,0,1567,0,2026-01-08 16:28:01
1601451151207-01,2026-01-07T01:02:50.2644176+00:00,27266,WebContinental Marketplace,Faturado,,,,27266,0,0,0,2026-01-08 16:28:02
1601451151206-01,2026-01-07T01:02:14.0389193+00:00,5251,Indiana,Pagamento Aprovado,,,,4478,0,773,0,2026-01-08 16:28:02
1601451151197-01,2026-01-07T00:49:00.1557665+00:00,3393,WebContinental Marketplace,Faturado,,,,2490,0,903,0,2026-01-08 16:28:02
1601451151195-01,2026-01-07T00:40:41.5144161+00:00,10980,Electrolux,Faturado,LP2APP,LP2APP,CAMPO_BUSCA,9990,0,990,0,2026-01-08 16:28:02
1601451151193-02,2026-01-07T00:40:23.1175807+00:00,4798,Mini Preço,Pagamento Aprovado,LP2APP,LP2APP,CAMPO_BUSCA,2999,0,1799,0,2026-01-08 16:28:02
1601451151193-01,2026-01-07T00:40:23.1174524+00:00,9970,WebContinental Marketplace,Faturado,LP2APP,LP2APP,CAMPO_BUSCA,7686,0,2284,0,2026-01-08 16:28:02
1601451151191-01,2026-01-07T00:35:08.1946999+00:00,36980,Electrolux,Faturado,LP2APP,LP2APP,CAMPO_BUSCA,35990,0,990,0,2026-01-08 16:28:03
1601451151189-01,2026-01-07T00:33:39.2846571+00:00,86480,WebContinental Marketplace,Faturado,LP2APP,LP2APP,CAMPO_BUSCA,84990,0,1490,0,2026-01-08 16:28:03
1601441151165-01,2026-01-07T00:21:22.3036608+00:00,8490,Mini Preço,Pagamento Aprovado,,,,5990,0,2500,0,2026-01-08 16:28:03
1601441151164-01,2026-01-07T00:21:19.4959775+00:00,268371,WebContinental Marketplace,Faturado,LP2APP,LP2APP,CAMPO_BUSCA,249900,0,18471,0,2026-01-08 16:28:03
1601441151161-01,2026-01-07T00:18:06.7890244+00:00,57980,Electrolux,Faturado,LP2APP,LP2APP,CAMPO_BUSCA,56990,0,990,0,2026-01-08 16:28:03
1601441151158-01,2026-01-07T00:16:55.3794850+00:00,13158,Philco,Faturado,LP2APP,LP2APP,CAMPO_BUSCA,9490,0,3668,0,2026-01-08 16:28:04
1601441151155-01,2026-01-07T00:16:22.7510362+00:00,11499,Philco,Faturado,PUSH,	PUSH,060126,9490,0,2009,0,2026-01-08 16:28:04
1601441151152-01,2026-01-07T00:15:00.7141778+00:00,75999,Madesa,Faturado,,,,75999,0,0,0,2026-01-08 16:28:04
1601441151151-01,2026-01-07T00:14:05.6903006+00:00,11013,Pense Farma,Faturado,LP2APP,LP2APP,VER_TODOS,7139,0,3874,0,2026-01-08 16:28:04
1601441151146-01,2026-01-07T00:12:41.5452130+00:00,109900,Direct Stock,Faturado,LP2APP,LP2APP,CAMPO_BUSCA,109900,0,0,0,2026-01-08 16:28:05
1601441151130-01,2026-01-07T00:03:22.0130318+00:00,54510,Pneu Barato,Faturado,LP2APP,LP2APP,VER_TODOS,47557,0,6953,0,2026-01-08 16:28:05
1601441151128-01,2026-01-06T23:56:24.5071543+00:00,11458,Philco,Faturado,LP2APP,LP2APP,VER_TODOS,9490,0,1968,0,2026-01-08 16:28:05
1601441151124-01,2026-01-06T23:48:03.3950180+00:00,45269,Philco,Faturado,LP2APP,LP2APP,VER_TODOS,37980,0,7289,0,2026-01-08 16:28:05
1601441151119-01,2026-01-06T23:44:35.7492748+00:00,58941,Philco,Faturado,LP2APP,LP2APP,CAMPO_BUSCA,54990,0,3951,0,2026-01-08 16:28:05
1601441151116-01,2026-01-06T23:38:49.4283766+00:00,11458,Philco,Faturado,PUSH,	PUSH,060126,9490,0,1968,0,2026-01-08 16:28:05
1601441151115-01,2026-01-06T23:36:46.7486229+00:00,25016,WebContinental Marketplace,Faturado,LP2APP,LP2APP,CAMPO_BUSCA,21780,0,3236,0,2026-01-08 16:28:06
1601441151112-01,2026-01-06T23:34:50.7603520+00:00,17542,WebContinental Marketplace,Faturado,LP2APP,LP2APP,VER_TODOS,15999,0,1543,0,2026-01-08 16:28:06
1601441151112-02,2026-01-06T23:34:50.7604982+00:00,26033,Philco,Faturado,LP2APP,LP2APP,VER_TODOS,23990,0,2043,0,2026-01-08 16:28:06
1601441151111-01,2026-01-06T23:32:19.5372653+00:00,23169,Indiana,Pagamento Aprovado,LP2APP,LP2APP,VER_TODOS,20970,0,2199,0,2026-01-08 16:28:06
1601431151103-01,2026-01-06T23:21:37.5078400+00:00,62000,Encantech Shop,Pagamento Aprovado,LP2APP,LP2APP,CAMPO_BUSCA,54000,0,8000,0,2026-01-08 16:28:06
1601431151103-02,2026-01-06T23:21:37.5080599+00:00,62360,Philco,Faturado,LP2APP,LP2APP,CAMPO_BUSCA,54990,0,7370,0,2026-01-08 16:28:07
1601431151103-03,2026-01-06T23:21:37.5081963+00:00,114668,Multiloja,Faturado,LP2APP,LP2APP,CAMPO_BUSCA,94990,0,19678,0,2026-01-08 16:28:07
1601431151097-01,2026-01-06T23:08:57.2855101+00:00,10973,Mini Preço,Pagamento Aprovado,LP2APP,LP2APP,CELULARES,9990,0,983,0,2026-01-08 16:28:07
1601431151095-01,2026-01-06T23:05:46.4850144+00:00,21063,Mini Preço,Faturado,LP2APP,LP2APP,CELULARES,19980,0,1083,0,2026-01-08 16:28:07
1601431151091-02,2026-01-06T22:57:10.3511952+00:00,19277,We Connect,Pagamento Aprovado,LP2APP,LP2APP,CAMPO_BUSCA,15790,0,3487,0,2026-01-08 16:28:07
1601431151091-01,2026-01-06T22:57:10.3509678+00:00,5332,WebContinental Marketplace,Faturado,LP2APP,LP2APP,CAMPO_BUSCA,3290,0,2042,0,2026-01-08 16:28:08
1601431151085-01,2026-01-06T22:41:34.8568689+00:00,15720,WebContinental Marketplace,Faturado,LP2APP,LP2APP,CELULARES,14990,0,730,0,2026-01-08 16:28:08
1601431151084-01,2026-01-06T22:39:59.5751621+00:00,56303,WebContinental Marketplace,Faturado,LP2APP,LP2APP,CAMPO_BUSCA,44075,0,12228,0,2026-01-08 16:28:08
1601431151082-01,2026-01-06T22:32:25.1784335+00:00,340721,Multiloja,Faturado,LP2APP,LP2APP,CAMPO_BUSCA,329990,0,10731,0,2026-01-08 16:28:09
1601421151080-01,2026-01-06T22:27:16.8719546+00:00,8980,Electrolux,Faturado,LP2APP,LP2APP,CAMPO_BUSCA,7990,0,990,0,2026-01-08 16:28:09
1601421151075-01,2026-01-06T22:19:50.4195784+00:00,61890,Electrolux,Faturado,,,,59900,0,1990,0,2026-01-08 16:28:09
1601421151074-01,2026-01-06T22:16:53.6032792+00:00,14635,Philco,Faturado,LP2APP,LP2APP,CAMPO_BUSCA,12990,0,1645,0,2026-01-08 16:28:09
1601421151072-01,2026-01-06T22:10:19.7868065+00:00,99414,Webfones,Faturado,LP2APP,LP2APP,CELULARES,94900,0,4514,0,2026-01-08 16:28:09
1601421151071-01,2026-01-06T22:06:33.3364433+00:00,10177,Gama Italy,Faturado,,,,8990,0,1187,0,2026-01-08 16:28:10
1601421151070-01,2026-01-06T22:05:16.8067848+00:00,17983,Philco,Faturado,LP2APP,LP2APP,CAMPO_BUSCA,15990,0,1993,0,2026-01-08 16:28:10
1601421151066-01,2026-01-06T21:57:15.5653799+00:00,21379,Philco,Faturado,LP2APP,LP2APP,CAMPO_BUSCA,18980,0,2399,0,2026-01-08 16:28:10
1601421151066-02,2026-01-06T21:57:15.5655183+00:00,72294,Multiloja,Faturado,LP2APP,LP2APP,CAMPO_BUSCA,59990,0,12304,0,2026-01-08 16:28:10
1601421151064-02,2026-01-06T21:56:30.4427088+00:00,10090,WebContinental Marketplace,Faturado,LP2APP,LP2APP,VER_TODOS,6800,0,3290,0,2026-01-08 16:28:11
1601421151064-01,2026-01-06T21:56:30.4425238+00:00,7889,ROVITEX,Faturado,LP2APP,LP2APP,VER_TODOS,6999,0,890,0,2026-01-08 16:28:11
1601421151063-01,2026-01-06T21:52:39.1257524+00:00,8185,WebContinental Marketplace,Faturado,LP2APP,LP2APP,VER_TODOS,7020,0,1165,0,2026-01-08 16:28:11
1601421151062-01,2026-01-06T21:51:13.4198662+00:00,13914,Farma Conde,Faturado,LP2APP,LP2APP,VER_TODOS,11680,0,2234,0,2026-01-08 16:28:11
1601421151060-01,2026-01-06T21:46:17.7129835+00:00,99414,Webfones,Faturado,LP2APP,LP2APP,CELULARES,94900,0,4514,0,2026-01-08 16:28:11
1601421151058-02,2026-01-06T21:45:48.5973559+00:00,53210,WebContinental Marketplace,Pagamento Aprovado,LP2APP,LP2APP,VER_TODOS,49800,0,3410,0,2026-01-08 16:28:11
1601421151058-01,2026-01-06T21:45:48.5971412+00:00,41928,Philco,Faturado,LP2APP,LP2APP,VER_TODOS,37980,0,3948,0,2026-01-08 16:28:12
1601421151057-01,2026-01-06T21:44:54.6935361+00:00,22225,We Connect,Pagamento Aprovado,,,,17990,0,4235,0,2026-01-08 16:28:12
1601411151043-01,2026-01-06T21:06:32.2352462+00:00,24538,Mundo Verde,Faturado,LP2APP,LP2APP,CAMPO_BUSCA,22790,0,1748,0,2026-01-08 16:28:12
1601411151032-01,2026-01-06T20:36:45.5666559+00:00,145300,Armazém Circular,Faturado,LP2APP,LP2APP,CAMPO_BUSCA,143300,0,2000,0,2026-01-08 16:28:13
1601401151028-01,2026-01-06T20:09:10.4255729+00:00,21504,Philco,Faturado,PUSH,	PUSH,041225,18990,0,2514,0,2026-01-08 16:28:13
1601401151020-01,2026-01-06T19:54:12.4700128+00:00,27488,Shophub,Faturado,LP2APP,LP2APP,CAMPO_BUSCA,20564,0,6924,0,2026-01-08 16:28:13
1601401151019-01,2026-01-06T19:53:42.2154882+00:00,21483,Philco,Faturado,LP2APP,LP2APP,VER_TODOS,18990,0,2493,0,2026-01-08 16:28:13
1601401151017-01,2026-01-06T19:48:38.0435878+00:00,15037,Philco,Faturado,,,,9490,0,5547,0,2026-01-08 16:28:14
1601401151015-01,2026-01-06T19:47:52.9879974+00:00,97169,WebContinental Marketplace,Faturado,LP2APP,LP2APP,CELULARES,66323,0,30846,0,2026-01-08 16:28:14
1601401151015-02,2026-01-06T19:47:52.9881830+00:00,20358,Marin Brasil,Faturado,LP2APP,LP2APP,CELULARES,18795,0,1563,0,2026-01-08 16:28:14
1601401151013-01,2026-01-06T19:41:15.1981487+00:00,33593,Philco,Faturado,LP2APP,LP2APP,CAMPO_BUSCA,30990,0,2603,0,2026-01-08 16:28:14
1601401151009-01,2026-01-06T19:36:23.0921938+00:00,11861,Philco,Faturado,LP2APP,LP2APP,VER_TODOS,9990,0,1871,0,2026-01-08 16:28:15
1601401151007-01,2026-01-06T19:36:15.7491975+00:00,22128,WebContinental Marketplace,Pagamento Aprovado,LP2APP,LP2APP,VER_TODOS,17189,0,4939,0,2026-01-08 16:28:15
1601401151007-02,2026-01-06T19:36:15.7493426+00:00,11422,Philco,Faturado,LP2APP,LP2APP,VER_TODOS,9490,0,1932,0,2026-01-08 16:28:15
1601401150999-01,2026-01-06T19:33:23.8890815+00:00,83229,Electrolux,Faturado,LP2APP,LP2APP,CAMPO_BUSCA,79900,0,3329,0,2026-01-08 16:28:15
1601401150998-01,2026-01-06T19:30:37.0742819+00:00,20880,WebContinental Marketplace,Pagamento Aprovado,LP2APP,LP2APP,VER_TODOS,17390,0,3490,0,2026-01-08 16:28:15
1601391150997-01,2026-01-06T19:29:53.6466790+00:00,12845,Indiana,Pagamento Aprovado,APP,APP,TV,10799,0,2046,0,2026-01-08 16:28:16
1601391150994-01,2026-01-06T19:24:59.5448615+00:00,270892,Encantech Shop,Pagamento Aprovado,APP,APP,TV,268300,0,2592,0,2026-01-08 16:28:16
1601391150992-01,2026-01-06T19:23:34.5793330+00:00,12195,WebContinental Marketplace,Pagamento Aprovado,LP2APP,LP2APP,CAMPO_BUSCA,7400,0,4795,0,2026-01-08 16:28:16
1601391150991-01,2026-01-06T19:21:45.1679876+00:00,37217,WebContinental Marketplace,Faturado,LP2APP,LP2APP,VER_TODOS,37217,0,0,0,2026-01-08 16:28:16
1601391150990-01,2026-01-06T19:21:25.6446430+00:00,188797,Philco,Faturado,,,,169990,0,18807,0,2026-01-08 16:28:17
1601391150987-01,2026-01-06T19:10:06.6403578+00:00,96518,Multiloja,Faturado,LP2APP,LP2APP,CELULARES,90590,0,5928,0,2026-01-08 16:28:17
1601391150977-01,2026-01-06T18:38:14.0412177+00:00,28789,Guimepa,Pagamento Aprovado,LP2APP,LP2APP,CAMPO_BUSCA,26790,0,1999,0,2026-01-08 16:28:17
1601391150976-01,2026-01-06T18:38:08.5098785+00:00,5322,WebContinental Marketplace,Pagamento Aprovado,LP2APP,LP2APP,CAMPO_BUSCA,3390,0,1932,0,2026-01-08 16:28:17
1601391150970-01,2026-01-06T18:37:51.7103910+00:00,96970,Philco,Faturado,LP2APP,LP2APP,CAMPO_BUSCA,96970,0,0,0,2026-01-08 16:28:17
1601391150964-01,2026-01-06T18:31:12.4500121+00:00,21429,Philco,Faturado,LP2APP,LP2APP,VER_TODOS,15990,0,5439,0,2026-01-08 16:28:18
1601391150964-02,2026-01-06T18:31:12.4502437+00:00,53683,WebContinental Marketplace,Faturado,LP2APP,LP2APP,VER_TODOS,44593,0,9090,0,2026-01-08 16:28:18
1601391150963-01,2026-01-06T18:30:45.2439208+00:00,121858,Multiloja,Faturado,LP2APP,LP2APP,CELULARES,116590,0,5268,0,2026-01-08 16:28:18
1601381150961-01,2026-01-06T18:27:58.8900912+00:00,12107,Philco,Faturado,,,,9990,0,2117,0,2026-01-08 16:28:19
1601381150951-01,2026-01-06T17:57:22.2026381+00:00,42401,Philco,Faturado,PUSH,	PUSH,040126,39960,0,2441,0,2026-01-08 16:28:20
1601381150946-01,2026-01-06T17:45:34.0864187+00:00,148900,WebContinental Marketplace,Pagamento Aprovado,LP2APP,LP2APP,CAMPO_BUSCA,142900,0,6000,0,2026-01-08 16:28:20
1601381150945-01,2026-01-06T17:45:18.7171137+00:00,81166,Multiloja,Faturado,LP2APP,LP2APP,CELULARES,74990,0,6176,0,2026-01-08 16:28:21
1601381150944-01,2026-01-06T17:45:14.2279366+00:00,26475,WebContinental Marketplace,Pagamento Aprovado,,,,16190,0,10285,0,2026-01-08 16:28:21
1601381150941-01,2026-01-06T17:31:58.4177469+00:00,141058,Pneu Barato,Faturado,APP,APP,TV,134124,0,6934,0,2026-01-08 16:28:21
1601381150940-01,2026-01-06T17:30:45.2052650+00:00,11861,Philco,Faturado,,,,9990,0,1871,0,2026-01-08 16:28:21
1601371150936-03,2026-01-06T17:27:47.6168444+00:00,2346,Mini Preço,Pagamento Aprovado,LP2APP,LP2APP,VER_TODOS,890,0,1456,0,2026-01-08 16:28:21
1601371150936-01,2026-01-06T17:27:47.6166248+00:00,5995,WebContinental Marketplace,Faturado,LP2APP,LP2APP,VER_TODOS,4990,0,1005,0,2026-01-08 16:28:22
1601371150936-02,2026-01-06T17:27:47.6167554+00:00,5395,Encantech Shop,Pagamento Aprovado,LP2APP,LP2APP,VER_TODOS,4990,0,405,0,2026-01-08 16:28:22
1601371150935-01,2026-01-06T17:27:25.1797282+00:00,78816,Encantech Shop,Pagamento Aprovado,LP2APP,LP2APP,CELULARES,77900,0,916,0,2026-01-08 16:28:22
1601371150931-01,2026-01-06T17:19:05.6212545+00:00,41642,WebContinental Marketplace,Pagamento Aprovado,LP2APP,LP2APP,VER_TODOS,34091,0,7551,0,2026-01-08 16:28:22
1601371150931-02,2026-01-06T17:19:05.6213883+00:00,81303,Encantech Shop,Pagamento Aprovado,LP2APP,LP2APP,VER_TODOS,80400,0,903,0,2026-01-08 16:28:22
1601371150921-01,2026-01-06T17:07:01.8106654+00:00,11710,Philco,Faturado,,,,9490,0,2220,0,2026-01-08 16:28:22
1601371150919-01,2026-01-06T17:00:32.9966425+00:00,14048,Encantech Shop,Faturado,,,,11990,0,2058,0,2026-01-08 16:28:23
1601371150916-02,2026-01-06T16:57:07.7609196+00:00,3897,Home2You,Faturado,LP2APP,LP2APP,CAMPO_BUSCA,1392,0,2505,0,2026-01-08 16:28:23
1601371150916-01,2026-01-06T16:57:07.7607158+00:00,20016,Mini Preço,Faturado,LP2APP,LP2APP,CAMPO_BUSCA,23452,0,1544,0,2026-01-08 16:28:23
1601371150914-01,2026-01-06T16:55:46.3933566+00:00,12892,Philco,Faturado,LP2APP,LP2APP,CAMPO_BUSCA,10990,0,1902,0,2026-01-08 16:28:23
1601371150913-01,2026-01-06T16:53:52.2461179+00:00,10379,Indiana,Pagamento Aprovado,LP2APP,LP2APP,CAMPO_BUSCA,9499,0,880,0,2026-01-08 16:28:24
1601371150911-01,2026-01-06T16:51:30.6319337+00:00,11560,Philco,Faturado,,,,9990,0,1570,0,2026-01-08 16:28:24
1601371150908-01,2026-01-06T16:50:05.1933203+00:00,21565,Philco,Faturado,LP2APP,LP2APP,CELULARES,15990,0,5575,0,2026-01-08 16:28:24
1601371150902-01,2026-01-06T16:49:32.4016661+00:00,19538,Encantech Shop,Pagamento Aprovado,LP2APP,LP2APP,CELULARES,18500,0,1038,0,2026-01-08 16:28:24
1601371150901-01,2026-01-06T16:48:46.1667512+00:00,18068,Encantech Shop,Pagamento Aprovado,LP2APP,LP2APP,CAMPO_BUSCA,16700,0,1368,0,2026-01-08 16:28:25
1601371150898-01,2026-01-06T16:41:49.3714365+00:00,80990,Philco,Faturado,LP2APP,LP2APP,VER_TODOS,80990,0,0,0,2026-01-08 16:28:25
1601371150896-01,2026-01-06T16:37:18.9075630+00:00,12107,Philco,Faturado,LP2APP,LP2APP,CAMPO_BUSCA,9990,0,2117,0,2026-01-08 16:28:25
1601371150895-01,2026-01-06T16:36:02.5299466+00:00,70622,Encantech Shop,Faturado,APP,APP,TV,69900,0,722,0,2026-01-08 16:28:25
1601371150891-01,2026-01-06T16:30:42.6138939+00:00,15806,Philco,Faturado,LP2APP,LP2APP,CAMPO_BUSCA,13490,0,2316,0,2026-01-08 16:28:25
1601361150888-01,2026-01-06T16:21:14.6313982+00:00,10878,Indiana,Pagamento Aprovado,LP2APP,LP2APP,VER_TODOS,9699,0,1179,0,2026-01-08 16:28:25
1601361150886-01,2026-01-06T16:15:42.5779937+00:00,20716,Philco,Faturado,APP,APP,TV,17980,0,2736,0,2026-01-08 16:28:26
1601361150885-01,2026-01-06T16:14:39.2145028+00:00,27470,Encantech Shop,Faturado,LP2APP,LP2APP,CAMPO_BUSCA,26990,0,480,0,2026-01-08 16:28:26
1601361150883-01,2026-01-06T16:11:51.1255538+00:00,23559,Philco,Faturado,LP2APP,LP2APP,VER_TODOS,20480,0,3079,0,2026-01-08 16:28:26
1601361150882-01,2026-01-06T16:11:40.6053053+00:00,18369,Philco,Faturado,LP2APP,LP2APP,CAMPO_BUSCA,15990,0,2379,0,2026-01-08 16:28:26
1601361150879-01,2026-01-06T16:00:05.5397086+00:00,17268,WebContinental Marketplace,Faturado,LP2APP,LP2APP,CAMPO_BUSCA,14998,0,2270,0,2026-01-08 16:28:26
1601361150878-01,2026-01-06T16:00:00.4655107+00:00,42919,Multiloja,Faturado,LP2APP,LP2APP,CAMPO_BUSCA,37990,0,4929,0,2026-01-08 16:28:27
1601361150876-01,2026-01-06T15:51:30.3651546+00:00,27587,Philco,Faturado,LP2APP,LP2APP,CAMPO_BUSCA,24990,0,2597,0,2026-01-08 16:28:27
1601361150875-01,2026-01-06T15:45:22.4102204+00:00,3527,Mini Preço,Faturado,LP2APP,LP2APP,VER_TODOS,1899,0,1628,0,2026-01-08 16:28:27
1601361150873-01,2026-01-06T15:40:55.2111499+00:00,89260,Webfones,Faturado,LP2APP,LP2APP,CELULARES,82900,0,6360,0,2026-01-08 16:28:27
1601361150872-01,2026-01-06T15:39:17.2834896+00:00,99414,Webfones,Faturado,LP2APP,LP2APP,CELULARES,94900,0,4514,0,2026-01-08 16:28:27
1601351150864-01,2026-01-06T15:15:09.0575837+00:00,33530,Guimepa,Faturado,BANNER,BANNER,,30990,0,2540,0,2026-01-08 16:28:28
1601351150862-01,2026-01-06T15:12:47.4108611+00:00,20827,Encantech Shop,Faturado,LP2APP,LP2APP,CAMPO_BUSCA,19990,0,837,0,2026-01-08 16:28:28
1601351150859-01,2026-01-06T15:03:37.6797789+00:00,11635,Philco,Faturado,LP2APP,LP2APP,VER_TODOS,9990,0,1645,0,2026-01-08 16:28:28
1601351150856-02,2026-01-06T14:55:57.5244586+00:00,6631,ROVITEX,Faturado,LP2APP,LP2APP,CAMPO_BUSCA,5499,0,1132,0,2026-01-08 16:28:29
1601351150856-01,2026-01-06T14:55:57.5242185+00:00,12100,Philco,Faturado,LP2APP,LP2APP,CAMPO_BUSCA,9990,0,2110,0,2026-01-08 16:28:29
1601351150856-03,2026-01-06T14:55:57.5245824+00:00,9096,Home2You,Faturado,LP2APP,LP2APP,CAMPO_BUSCA,5888,0,3208,0,2026-01-08 16:28:29
1601351150851-01,2026-01-06T14:49:38.6615547+00:00,15544,Encantech Shop,Faturado,LP2APP,LP2APP,VER_TODOS,14900,0,644,0,2026-01-08 16:28:29
1601351150850-01,2026-01-06T14:40:26.5743341+00:00,7186,WebContinental Marketplace,Pagamento Aprovado,LP2APP,LP2APP,VER_TODOS,4990,0,2196,0,2026-01-08 16:28:29
1601351150849-01,2026-01-06T14:37:07.2523098+00:00,15374,Indiana,Pagamento Aprovado,,,,11881,0,3493,0,2026-01-08 16:28:30
1601351150848-01,2026-01-06T14:36:18.6264880+00:00,235404,Encantech Shop,Pagamento Aprovado,APP,APP,TV,232400,0,3004,0,2026-01-08 16:28:30
1601351150847-01,2026-01-06T14:35:56.9976663+00:00,250722,Encantech Shop,Faturado,LP2APP,LP2APP,CAMPO_BUSCA,247500,0,3222,0,2026-01-08 16:28:30
1601351150845-02,2026-01-06T14:33:55.8323335+00:00,11879,Philco,Faturado,LP2APP,LP2APP,VER_TODOS,9990,0,1889,0,2026-01-08 16:28:30
1601351150845-01,2026-01-06T14:33:55.8320893+00:00,5711,WebContinental Marketplace,Faturado,LP2APP,LP2APP,VER_TODOS,3990,0,1721,0,2026-01-08 16:28:30
1601351150844-01,2026-01-06T14:33:11.4048473+00:00,79327,Encantech Shop,Faturado,LP2APP,LP2APP,VER_TODOS,77900,0,1427,0,2026-01-08 16:28:31
1601351150843-01,2026-01-06T14:32:54.2781849+00:00,75998,Madesa,Faturado,APP,APP,TV,69999,0,5999,0,2026-01-08 16:28:31
